horizon,date,mu_logret,sigma_logret,nu,C5_point,C5_lower80,C5_upper80,C5_lower95,C5_upper95
1,2025-12-25,-0.02233734,0.04539402163406875,30.0,8.718070148229598,8.21459872344117,9.252399465015543,7.9461771504182614,9.564945179970445
2,2025-12-26,-0.033643045,0.06300160065085864,25.037238402074802,8.62006114244461,7.9340506744605355,9.365387424946972,7.57117115970526,9.814262133043284
3,2025-12-29,-0.044216067,0.09096784547262055,30.0,8.529401589930057,7.570912131939953,9.609236931610095,7.0832869574574895,10.270752674733625
4,2025-12-30,-0.05501354,0.11398581008768492,30.0,8.43780097156763,7.2670686031879805,9.797139236352145,6.685437342176725,10.64948773005398
5,2025-12-31,-0.06539352,0.11865396110350505,30.0,8.350669751763343,7.148165822541903,9.755465210561253,6.553622907215943,10.640478402312317
6,2026-01-01,-0.07566591,0.11865396110350505,30.0,8.265327141582965,7.07511292364126,9.655766206446316,6.486646124141886,10.531734731239759
7,2026-01-02,-0.086038746,0.11865396110350505,30.0,8.180035543441772,7.002103275995021,9.556126229516549,6.4197089949341,10.423055442282807
8,2026-01-05,-0.09460409,0.11865396110350505,30.0,8.110270203351973,6.942383976575845,9.47462426630724,6.3649567999805114,10.334159642794345
9,2026-01-06,-0.102136776,0.11865396110350505,7.156221477129778,8.0494075268507,6.8079505188496405,9.51724891736287,6.0876572146279635,10.643332471035237
10,2026-01-07,-0.10492571,0.11865396110350505,7.156221477129778,8.026989329755306,6.788990065695623,9.49074294441945,6.070702811226224,10.61369030396
11,2026-01-08,-0.10878623,0.11865396110350505,30.0,7.996060624122618,6.844620977880047,9.341202133086796,6.2753251596916915,10.188633489373633
12,2026-01-09,-0.112772934,0.11865396110350505,30.0,7.964246115684508,6.817387839320485,9.304035684743585,6.2503571154227,10.14809531078852
13,2026-01-12,-0.116655804,0.11865396110350505,30.0,7.933382237851619,6.790968133404706,9.267979369272858,6.226134847194738,10.10876797603283
14,2026-01-13,-0.12049217,0.11865396110350505,30.0,7.903005099892615,6.764965420582857,9.2324921454715,6.202294888997121,10.07006136079037
15,2026-01-14,-0.12231319,0.11865396110350505,9.73699781813024,7.888626612722873,6.701262833711295,9.286373756950738,6.050091576085224,10.285866012903025
16,2026-01-15,-0.12283225,0.11865396110350505,9.73699781813024,7.884532896578311,6.69778533159391,9.281554757128768,6.04695198780339,10.280528344208838
17,2026-01-16,-0.1210838,0.11865396110350505,9.73699781813024,7.898330590426921,6.709506318824192,9.297797287965388,6.057534030004242,10.298519058374405
18,2026-01-19,-0.117216855,0.11865396110350505,12.310847359278585,7.928932500183581,6.75196789224636,9.311058595812293,6.127064466324862,10.26069972452217
19,2026-01-20,-0.11462853,0.11865396110350505,30.0,7.949481849968433,6.804749245274279,9.286787153079791,6.2387697262221,10.129281996950702
20,2026-01-21,-0.113278925,0.11865396110350505,30.0,7.960217758715152,6.813939173091972,9.29932911465969,6.2471952892206195,10.142961761926859
21,2026-01-22,-0.11148422,0.11865396110350505,30.0,7.974516539573669,6.8261791525248015,9.316033636700633,6.2584172182561595,10.161181713734504
22,2026-01-23,-0.10654024,0.11865396110350505,30.0,8.014040242433547,6.860011221444098,9.362205980702878,6.2894353321853025,10.211542800421396
23,2026-01-26,-0.100898966,0.11865396110350505,4.345957062723644,8.059377192258834,6.737421959243855,9.640714432382609,5.856131322720986,11.091547907664372
24,2026-01-27,-0.09613638,0.11865396110350505,4.091700803466962,8.09785196006298,6.756216071857236,9.705907828103474,5.841888332440351,11.225002384255554
25,2026-01-28,-0.09121148,0.11865396110350505,4.091700803466962,8.13783158302307,6.789571835490445,9.753826361779224,5.870730016056743,11.280420760803793
26,2026-01-29,-0.08519145,0.11865396110350505,4.345957062723644,8.186969461143017,6.844085634543184,9.793341659842861,5.948842821821904,11.2671440439531
27,2026-01-30,-0.07969399,0.11865396110350505,4.390482062195388,8.23210076868534,6.884010335560279,9.844187179860924,5.988521944873109,11.316229098796184
28,2026-02-02,-0.07184085,0.13558762515714398,30.0,8.29700349241495,6.946363863453693,9.910258770694675,6.290166409372029,10.944108457871641
29,2026-02-03,-0.0624431,0.13558762515714398,30.0,8.375344168841838,7.011951779182265,10.00383193067848,6.349558475852616,11.047443278415054
30,2026-02-04,-0.05433404,0.13558762515714398,30.0,8.443536106348036,7.069043277483846,10.085283396927187,6.401256750221268,11.137391856076265
31,2026-02-05,-0.048271846,0.13558762515714398,30.0,8.494878129661082,7.112027351483613,10.146608041695302,6.440180276792314,11.205113958900393
32,2026-02-06,-0.046012837,0.1461060692944909,30.0,8.514090007543563,7.030535140792172,10.310698055487558,6.317566034497388,11.47431219703427
33,2026-02-09,-0.043703057,0.14988922871060129,30.0,8.533777997791766,7.011944815339081,10.385901816078505,6.2834396854646775,11.590048450745456
34,2026-02-10,-0.038572915,0.14988922871060129,30.0,8.577670137882231,7.0480095171754735,10.439319870864038,6.315757449613009,11.649659821435524
35,2026-02-11,-0.03110959,0.14988922871060129,30.0,8.641927771866321,7.10080788209763,10.51752337197138,6.363070335013047,11.736930275451263
36,2026-02-12,-0.023676295,0.14988922871060129,30.0,8.706404863893985,7.153786944162222,10.595994516768057,6.410545144048499,11.824499403899113
37,2026-02-13,-0.015631476,0.14988922871060129,30.0,8.776728679537772,7.211569976479224,10.681581171552743,6.462324815447636,11.920009018110568
38,2026-02-16,-0.005336299,0.14988922871060129,30.0,8.867553489804267,7.286197862825956,10.792117965659148,6.529199246873223,12.043361503236126
39,2026-02-17,0.0055525373,0.14988922871060129,30.0,8.96463896512985,7.365969601458358,10.910273693770643,6.600683110694407,12.175216265373901
40,2026-02-18,0.014201686,0.14988922871060129,30.0,9.04251096844673,7.429955278407221,11.005047536966394,6.658021003736905,12.28097823520127
41,2026-02-19,0.019474847,0.14988922871060129,30.0,9.090319876670836,7.469238113541503,11.06323220320469,6.6932225536265095,12.345908860652427
42,2026-02-20,0.023992196,0.14988922871060129,30.0,9.131477027535437,7.503055590159928,11.113321729160193,6.72352656773992,12.401805791220406
43,2026-02-23,0.03132443,0.14988922871060129,30.0,9.198676887154578,7.5582719435557895,11.195106688984295,6.7730062250035115,12.493072940062133
44,2026-02-24,0.041045245,0.14988922871060129,30.0,9.28853140592575,7.63210276179842,11.30446288750874,6.839166399616014,12.615107950765346
45,2026-02-25,0.05274484,0.14988922871060129,30.0,9.397841703891753,7.72191965584047,11.437497226413582,6.919651778681523,12.763566357249895
46,2026-02-26,0.065250926,0.14988922871060129,30.0,9.51610992848873,7.81909703787758,11.581433719805991,7.00673292876214,12.9241909194488
47,2026-02-27,0.07835538,0.14988922871060129,30.0,9.641634615659713,7.922236349038583,11.734200860350626,7.099156594085752,13.094669958433467
48,2026-03-02,0.09109667,0.14988922871060129,30.0,9.7652676063776,8.023821649679768,11.884666242808878,7.1901877026182,13.262580372351625
49,2026-03-03,0.10230033,0.14988922871060129,30.0,9.875288884639739,8.11422330100711,12.018566708289333,7.27119708568396,13.41200532455879
50,2026-03-04,0.11255624,0.14988922871060129,30.0,9.977089785337448,8.197870253239671,12.142462297313527,7.346153548272838,13.550265429945211
51,2026-03-05,0.12299879,0.14988922871060129,30.0,10.081822815537452,8.28392543843647,12.26992489545937,7.423268040763239,13.692506105269256
52,2026-03-06,0.13453704,0.14988922871060129,30.0,10.19882317841053,8.380061011329136,12.412318289501993,7.509415620330215,13.851408660410415
53,2026-03-09,0.14426495,0.14988922871060129,30.0,10.298519832491873,8.461979292824504,12.533653418479563,7.582823012212002,13.986811444735837
54,2026-03-10,0.15231307,0.14988922871060129,30.0,10.381738535165786,8.530357080728328,12.634932736881533,7.644096698390948,14.099833137808275
55,2026-03-11,0.16106488,0.14988922871060129,30.0,10.472995885014534,8.605340784634203,12.745996558272239,7.711289979754861,14.223773754024235
56,2026-03-12,0.16763136,0.14988922871060129,17.983629027613986,10.541992856264113,8.636076922282568,12.868530034717297,7.693997471033251,14.444197008762158
57,2026-03-13,0.17262071,0.16410335859310501,17.983629027613986,10.594722300767897,8.5166815025848,13.179797438279671,7.504967269890998,14.956512535469226
58,2026-03-16,0.17575406,0.16410335859310501,30.0,10.627971522808075,8.57152617236888,13.177789694264652,7.60149955315304,14.859406156448442
59,2026-03-17,0.17955202,0.16410335859310501,30.0,10.668412379622458,8.604142412301778,13.227933617506574,7.630424662671423,14.915948940861961
60,2026-03-18,0.18404983,0.16410335859310501,30.0,10.716505042314528,8.64292938324182,13.28756436886251,7.664822170926058,14.98318916660313
61,2026-03-19,0.18695863,0.16410335859310501,30.0,10.747722284793852,8.668106502082452,13.326271452119036,7.687150033405635,15.02683565699222
62,2026-03-20,0.18630008,0.16410335859310501,30.0,10.740647552609442,8.662400069771536,13.317498432777366,7.6820893893862126,15.016943113504981
