horizon,rank,feature,pct_of_total
1,1,C5_FFA_C5_1MON_Stoch_K_14,0.005854501388967037
1,2,C5_FFA_C5_1MON_BB_pct_20,0.005524232517927885
1,3,C5_FFA_C5_1MON_ROC_5d,0.005502146203070879
1,4,C5_FFA_C5_1MON_Zscore_21d,0.0054217129945755005
1,5,C5_FFA_C5_1MON_Stoch_D_14,0.005295866169035435
1,6,C5_FFA_C5_1MON_Stoch_K_21,0.005047942977398634
1,7,ROC_5d,0.005035846494138241
1,8,IronOre_Spot_CFR_NChina_USD_t_MACD,0.005032156128436327
1,9,IronOre_Spot_CFR_NChina_USD_t_Spread_EMA12_EMA26,0.005032156128436327
1,10,C5_logret_5d,0.004969330970197916
2,1,TF_Brazil_CHN_IronOre_MT_roll21d,0.005630580708384514
2,2,TF_Brazil_CHN_IronOre_MT_21d_sum,0.005630580708384514
2,3,IronOre_Spot_CFR_NChina_USD_t_MOM_62d,0.00560565572232008
2,4,IronOre_Spot_CFR_NChina_USD_t_MACD_signal,0.005542004480957985
2,5,IronOre_Spot_CFR_NChina_USD_t_Spread_EMA12_EMA26,0.005527065601199865
2,6,IronOre_Spot_CFR_NChina_USD_t_MACD,0.005527065601199865
2,7,IronOre_Spot_CFR_NChina_USD_t_MOM_42d,0.005490660667419434
2,8,MonthOfYear,0.005375093314796686
2,9,WeekOfYear,0.0052937911823391914
2,10,TF_Brazil_CHN_IronOre_MT_7d_sum,0.005132867023348808
3,1,IronOre_Spot_CFR_NChina_USD_t_MOM_62d,0.0057879299856722355
3,2,TF_Brazil_CHN_IronOre_MT_roll21d,0.005786914378404617
3,3,TF_Brazil_CHN_IronOre_MT_21d_sum,0.005786914378404617
3,4,MonthOfYear,0.005681324750185013
3,5,IronOre_Spot_CFR_NChina_USD_t_MACD_signal,0.005681180860847235
3,6,IronOre_Spot_CFR_NChina_USD_t_Spread_EMA12_EMA26,0.005668373312801123
3,7,IronOre_Spot_CFR_NChina_USD_t_MACD,0.005668373312801123
3,8,IronOre_Spot_CFR_NChina_USD_t_MOM_42d,0.005641419906169176
3,9,WeekOfYear,0.005608859471976757
3,10,QuarterOfYear,0.005435626953840256
4,1,IronOre_Spot_CFR_NChina_USD_t_MOM_62d,0.005827360320836306
4,2,TF_Brazil_CHN_IronOre_MT_roll21d,0.0057775829918682575
4,3,TF_Brazil_CHN_IronOre_MT_21d_sum,0.0057775829918682575
4,4,IronOre_Spot_CFR_NChina_USD_t_Spread_EMA12_EMA26,0.005773963872343302
4,5,IronOre_Spot_CFR_NChina_USD_t_MACD,0.005773963872343302
4,6,IronOre_Spot_CFR_NChina_USD_t_MACD_signal,0.005732508841902018
4,7,IronOre_Spot_CFR_NChina_USD_t_MOM_42d,0.005723010282963514
4,8,MonthOfYear,0.005694232881069183
4,9,WeekOfYear,0.005618680268526077
4,10,QuarterOfYear,0.005450760014355183
5,1,IronOre_Spot_CFR_NChina_USD_t_MOM_62d,0.00585894426330924
5,2,IronOre_Spot_CFR_NChina_USD_t_MACD,0.005838147830218077
5,3,IronOre_Spot_CFR_NChina_USD_t_Spread_EMA12_EMA26,0.005838147830218077
5,4,IronOre_Spot_CFR_NChina_USD_t_MOM_42d,0.00577261159196496
5,5,IronOre_Spot_CFR_NChina_USD_t_MACD_signal,0.005765891633927822
5,6,TF_Brazil_CHN_IronOre_MT_21d_sum,0.005698220804333687
5,7,TF_Brazil_CHN_IronOre_MT_roll21d,0.005698220804333687
5,8,MonthOfYear,0.005633466877043247
5,9,WeekOfYear,0.005550632253289223
5,10,QuarterOfYear,0.005417980253696442
6,1,IronOre_Spot_CFR_NChina_USD_t_Spread_EMA12_EMA26,0.005883343052119017
6,2,IronOre_Spot_CFR_NChina_USD_t_MACD,0.005883343052119017
6,3,IronOre_Spot_CFR_NChina_USD_t_MOM_62d,0.005879053846001625
6,4,IronOre_Spot_CFR_NChina_USD_t_MOM_42d,0.0058180587366223335
6,5,IronOre_Spot_CFR_NChina_USD_t_MACD_signal,0.00579872028902173
6,6,TF_Brazil_CHN_IronOre_MT_21d_sum,0.005656560882925987
6,7,TF_Brazil_CHN_IronOre_MT_roll21d,0.005656560882925987
6,8,MonthOfYear,0.005645236931741238
6,9,WeekOfYear,0.005554296541959047
6,10,QuarterOfYear,0.005457859952002764
7,1,IronOre_Spot_CFR_NChina_USD_t_Spread_EMA12_EMA26,0.005908118560910225
7,2,IronOre_Spot_CFR_NChina_USD_t_MACD,0.005908118560910225
7,3,IronOre_Spot_CFR_NChina_USD_t_MOM_62d,0.005892192479223013
7,4,IronOre_Spot_CFR_NChina_USD_t_MOM_42d,0.005855265539139509
7,5,IronOre_Spot_CFR_NChina_USD_t_MACD_signal,0.005830688867717981
7,6,MonthOfYear,0.005701716057956219
7,7,TF_Brazil_CHN_IronOre_MT_21d_sum,0.005640391260385513
7,8,TF_Brazil_CHN_IronOre_MT_roll21d,0.005640391260385513
7,9,WeekOfYear,0.005606154911220074
7,10,QuarterOfYear,0.005541492719203234
8,1,IronOre_Spot_CFR_NChina_USD_t_MACD,0.005906586069613695
8,2,IronOre_Spot_CFR_NChina_USD_t_Spread_EMA12_EMA26,0.005906586069613695
8,3,IronOre_Spot_CFR_NChina_USD_t_MOM_62d,0.0058985743671655655
8,4,IronOre_Spot_CFR_NChina_USD_t_MOM_42d,0.005869413260370493
8,5,IronOre_Spot_CFR_NChina_USD_t_MACD_signal,0.005848708096891642
8,6,MonthOfYear,0.005799056030809879
8,7,WeekOfYear,0.005701765418052673
8,8,TF_Brazil_CHN_IronOre_MT_roll21d,0.005662950687110424
8,9,TF_Brazil_CHN_IronOre_MT_21d_sum,0.005662950687110424
8,10,QuarterOfYear,0.005652416497468948
9,1,IronOre_Spot_CFR_NChina_USD_t_MACD,0.005962713155895472
9,2,IronOre_Spot_CFR_NChina_USD_t_Spread_EMA12_EMA26,0.005962713155895472
9,3,IronOre_Spot_CFR_NChina_USD_t_MOM_62d,0.005961985792964697
9,4,IronOre_Spot_CFR_NChina_USD_t_MOM_42d,0.005948509555310011
9,5,IronOre_Spot_CFR_NChina_USD_t_MACD_signal,0.005940456874668598
9,6,MonthOfYear,0.005909239407628775
9,7,WeekOfYear,0.005814168136566877
9,8,QuarterOfYear,0.005743528716266155
9,9,TF_Brazil_CHN_IronOre_MT_roll21d,0.005718627944588661
9,10,TF_Brazil_CHN_IronOre_MT_21d_sum,0.005718627944588661
10,1,IronOre_Spot_CFR_NChina_USD_t_MACD_signal,0.0060307034291327
10,2,IronOre_Spot_CFR_NChina_USD_t_MACD,0.006029942072927952
10,3,IronOre_Spot_CFR_NChina_USD_t_Spread_EMA12_EMA26,0.006029942072927952
10,4,IronOre_Spot_CFR_NChina_USD_t_MOM_62d,0.006027547176927328
10,5,IronOre_Spot_CFR_NChina_USD_t_MOM_42d,0.006026164628565311
10,6,MonthOfYear,0.005960228852927685
10,7,WeekOfYear,0.005866105202585459
10,8,QuarterOfYear,0.005773056298494339
10,9,TF_Brazil_CHN_IronOre_MT_roll21d,0.00574970617890358
10,10,TF_Brazil_CHN_IronOre_MT_21d_sum,0.00574970617890358
11,1,IronOre_Spot_CFR_NChina_USD_t_MACD_signal,0.006159082520753145
11,2,IronOre_Spot_CFR_NChina_USD_t_MOM_42d,0.006158825475722551
11,3,IronOre_Spot_CFR_NChina_USD_t_Spread_EMA12_EMA26,0.006143256556242704
11,4,IronOre_Spot_CFR_NChina_USD_t_MACD,0.006143256556242704
11,5,IronOre_Spot_CFR_NChina_USD_t_MOM_62d,0.006141381803900003
11,6,MonthOfYear,0.005980611778795719
11,7,WeekOfYear,0.0058901370503008366
11,8,QuarterOfYear,0.005781545769423246
11,9,TF_Brazil_CHN_IronOre_MT_roll21d,0.005726358387619257
11,10,TF_Brazil_CHN_IronOre_MT_21d_sum,0.005726358387619257
12,1,IronOre_Spot_CFR_NChina_USD_t_MOM_42d,0.006293291691690683
12,2,IronOre_Spot_CFR_NChina_USD_t_MACD_signal,0.006287278141826391
12,3,IronOre_Spot_CFR_NChina_USD_t_MOM_62d,0.006268328055739403
12,4,IronOre_Spot_CFR_NChina_USD_t_MACD,0.006259005516767502
12,5,IronOre_Spot_CFR_NChina_USD_t_Spread_EMA12_EMA26,0.006259005516767502
12,6,MonthOfYear,0.00594607787206769
12,7,WeekOfYear,0.005859052296727896
12,8,QuarterOfYear,0.00574039900675416
12,9,IronOre_Spot_CFR_NChina_USD_t_ROC_42d,0.00565091660246253
12,10,TF_Brazil_CHN_IronOre_MT_roll21d,0.0056469193659722805
13,1,IronOre_Spot_CFR_NChina_USD_t_MOM_42d,0.006404675543308258
13,2,IronOre_Spot_CFR_NChina_USD_t_MACD_signal,0.006396141834557056
13,3,IronOre_Spot_CFR_NChina_USD_t_MOM_62d,0.0063813249580562115
13,4,IronOre_Spot_CFR_NChina_USD_t_Spread_EMA12_EMA26,0.006348791997879744
13,5,IronOre_Spot_CFR_NChina_USD_t_MACD,0.006348791997879744
13,6,MonthOfYear,0.005855368450284004
13,7,WeekOfYear,0.005771580617874861
13,8,IronOre_Spot_CFR_NChina_USD_t_ROC_42d,0.005765114910900593
13,9,QuarterOfYear,0.0056433724239468575
13,10,IronOre_Spot_CFR_NChina_USD_t_ROC_62d,0.005603831727057695
14,1,IronOre_Spot_CFR_NChina_USD_t_MOM_42d,0.006484708283096552
14,2,IronOre_Spot_CFR_NChina_USD_t_MACD_signal,0.006473482120782137
14,3,IronOre_Spot_CFR_NChina_USD_t_MOM_62d,0.0064593092538416386
14,4,IronOre_Spot_CFR_NChina_USD_t_Spread_EMA12_EMA26,0.0064086588099598885
14,5,IronOre_Spot_CFR_NChina_USD_t_MACD,0.0064086588099598885
14,6,IronOre_Spot_CFR_NChina_USD_t_ROC_42d,0.005855650641024113
14,7,MonthOfYear,0.005755425896495581
14,8,IronOre_Spot_CFR_NChina_USD_t_ROC_62d,0.005695483647286892
14,9,WeekOfYear,0.005673871375620365
14,10,QuarterOfYear,0.005545326508581638
15,1,IronOre_Spot_CFR_NChina_USD_t_MOM_42d,0.00654567638412118
15,2,IronOre_Spot_CFR_NChina_USD_t_MACD_signal,0.0065338825806975365
15,3,IronOre_Spot_CFR_NChina_USD_t_MOM_62d,0.006521340925246477
15,4,IronOre_Spot_CFR_NChina_USD_t_Spread_EMA12_EMA26,0.006441466044634581
15,5,IronOre_Spot_CFR_NChina_USD_t_MACD,0.006441466044634581
15,6,IronOre_Spot_CFR_NChina_USD_t_ROC_42d,0.0059333727695047855
15,7,IronOre_Spot_CFR_NChina_USD_t_ROC_62d,0.00577201321721077
15,8,MonthOfYear,0.005626196973025799
15,9,WeekOfYear,0.0055493442341685295
15,10,IronOre_Spot_CFR_NChina_USD_t_MOM_21d,0.0055309562012553215
16,1,IronOre_Spot_CFR_NChina_USD_t_MOM_42d,0.006600762717425823
16,2,IronOre_Spot_CFR_NChina_USD_t_MACD_signal,0.00658605620265007
16,3,IronOre_Spot_CFR_NChina_USD_t_MOM_62d,0.006574112456291914
16,4,IronOre_Spot_CFR_NChina_USD_t_Spread_EMA12_EMA26,0.006464486941695213
16,5,IronOre_Spot_CFR_NChina_USD_t_MACD,0.006464486941695213
16,6,IronOre_Spot_CFR_NChina_USD_t_ROC_42d,0.006007205229252577
16,7,IronOre_Spot_CFR_NChina_USD_t_ROC_62d,0.005841514561325312
16,8,IronOre_Spot_CFR_NChina_USD_t_MOM_21d,0.005520759150385857
16,9,MonthOfYear,0.005447684321552515
16,10,IronOre_Spot_CFR_NChina_USD_t_Dist_from_EMA26,0.005384583957493305
17,1,IronOre_Spot_CFR_NChina_USD_t_MOM_42d,0.006613913457840681
17,2,IronOre_Spot_CFR_NChina_USD_t_MOM_62d,0.006605792324990034
17,3,IronOre_Spot_CFR_NChina_USD_t_MACD_signal,0.006600034423172474
17,4,IronOre_Spot_CFR_NChina_USD_t_Spread_EMA12_EMA26,0.006440654397010803
17,5,IronOre_Spot_CFR_NChina_USD_t_MACD,0.006440654397010803
17,6,IronOre_Spot_CFR_NChina_USD_t_ROC_42d,0.006038215011358261
17,7,IronOre_Spot_CFR_NChina_USD_t_ROC_62d,0.005903266835957766
17,8,IronOre_Spot_CFR_NChina_USD_t_MOM_21d,0.005458162631839514
17,9,IronOre_Spot_CFR_NChina_USD_t_Dist_from_EMA26,0.005320143420249224
17,10,MonthOfYear,0.005303781013935804
18,1,IronOre_Spot_CFR_NChina_USD_t_MOM_62d,0.006625702138990164
18,2,IronOre_Spot_CFR_NChina_USD_t_MOM_42d,0.006614015903323889
18,3,IronOre_Spot_CFR_NChina_USD_t_MACD_signal,0.0065995436161756516
18,4,IronOre_Spot_CFR_NChina_USD_t_Spread_EMA12_EMA26,0.0064135403372347355
18,5,IronOre_Spot_CFR_NChina_USD_t_MACD,0.0064135403372347355
18,6,IronOre_Spot_CFR_NChina_USD_t_ROC_42d,0.006045390386134386
18,7,IronOre_Spot_CFR_NChina_USD_t_ROC_62d,0.00595105392858386
18,8,IronOre_Spot_CFR_NChina_USD_t_MOM_21d,0.0054026138968765736
18,9,IronOre_Spot_CFR_NChina_USD_t_Dist_from_EMA26,0.005261526443064213
18,10,MonthOfYear,0.005160724278539419
19,1,IronOre_Spot_CFR_NChina_USD_t_MOM_62d,0.006629550363868475
19,2,IronOre_Spot_CFR_NChina_USD_t_MOM_42d,0.006598794832825661
19,3,IronOre_Spot_CFR_NChina_USD_t_MACD_signal,0.006582937203347683
19,4,IronOre_Spot_CFR_NChina_USD_t_Spread_EMA12_EMA26,0.006377664860337973
19,5,IronOre_Spot_CFR_NChina_USD_t_MACD,0.006377664860337973
19,6,IronOre_Spot_CFR_NChina_USD_t_ROC_42d,0.006036149337887764
19,7,IronOre_Spot_CFR_NChina_USD_t_ROC_62d,0.005981778725981712
19,8,IronOre_Spot_CFR_NChina_USD_t_MOM_21d,0.005346551537513733
19,9,IronOre_Spot_CFR_NChina_USD_t_Dist_from_EMA26,0.005204894579946995
19,10,IronOre_Spot_CFR_NChina_USD_t_RSI_14,0.00504574179649353
20,1,IronOre_Spot_CFR_NChina_USD_t_MOM_62d,0.006621567998081446
20,2,IronOre_Spot_CFR_NChina_USD_t_MOM_42d,0.006577688734978437
20,3,IronOre_Spot_CFR_NChina_USD_t_MACD_signal,0.00655902735888958
20,4,IronOre_Spot_CFR_NChina_USD_t_Spread_EMA12_EMA26,0.006339006591588259
20,5,IronOre_Spot_CFR_NChina_USD_t_MACD,0.006339006591588259
20,6,IronOre_Spot_CFR_NChina_USD_t_ROC_42d,0.006024310830980539
20,7,IronOre_Spot_CFR_NChina_USD_t_ROC_62d,0.006000064779073
20,8,IronOre_Spot_CFR_NChina_USD_t_MOM_21d,0.005293764639645815
20,9,IronOre_Spot_CFR_NChina_USD_t_Dist_from_EMA26,0.005155523773282766
20,10,IronOre_Spot_CFR_NChina_USD_t_RSI_14,0.005039867479354143
21,1,IronOre_Spot_CFR_NChina_USD_t_MOM_62d,0.006598745472729206
21,2,IronOre_Spot_CFR_NChina_USD_t_MOM_42d,0.006545698270201683
21,3,IronOre_Spot_CFR_NChina_USD_t_MACD_signal,0.006522370968014002
21,4,IronOre_Spot_CFR_NChina_USD_t_MACD,0.006291786674410105
21,5,IronOre_Spot_CFR_NChina_USD_t_Spread_EMA12_EMA26,0.006291786674410105
21,6,IronOre_Spot_CFR_NChina_USD_t_ROC_62d,0.00600739661604166
21,7,IronOre_Spot_CFR_NChina_USD_t_ROC_42d,0.006006409879773855
21,8,IronOre_Spot_CFR_NChina_USD_t_MOM_21d,0.0052390084601938725
21,9,IronOre_Spot_CFR_NChina_USD_t_Dist_from_EMA26,0.0051085492596030235
21,10,IronOre_Spot_CFR_NChina_USD_t_RSI_14,0.005025928840041161
22,1,IronOre_Spot_CFR_NChina_USD_t_MOM_62d,0.006543193943798542
22,2,IronOre_Spot_CFR_NChina_USD_t_MOM_42d,0.006488392595201731
22,3,IronOre_Spot_CFR_NChina_USD_t_MACD_signal,0.006459048483520746
22,4,IronOre_Spot_CFR_NChina_USD_t_Spread_EMA12_EMA26,0.006226286292076111
22,5,IronOre_Spot_CFR_NChina_USD_t_MACD,0.006226286292076111
22,6,IronOre_Spot_CFR_NChina_USD_t_ROC_62d,0.005987230222672224
22,7,IronOre_Spot_CFR_NChina_USD_t_ROC_42d,0.005968829151242971
22,8,IronOre_Spot_CFR_NChina_USD_t_MOM_21d,0.00518072908744216
22,9,IronOre_Spot_CFR_NChina_USD_t_Dist_from_EMA26,0.005061134230345488
22,10,IronOre_Spot_CFR_NChina_USD_t_RSI_14,0.0050075845792889595
23,1,IronOre_Spot_CFR_NChina_USD_t_MOM_62d,0.00648274552077055
23,2,IronOre_Spot_CFR_NChina_USD_t_MOM_42d,0.00643310509622097
23,3,IronOre_Spot_CFR_NChina_USD_t_MACD_signal,0.006399903446435928
23,4,IronOre_Spot_CFR_NChina_USD_t_Spread_EMA12_EMA26,0.006166050676256418
23,5,IronOre_Spot_CFR_NChina_USD_t_MACD,0.006166050676256418
23,6,IronOre_Spot_CFR_NChina_USD_t_ROC_62d,0.005960152484476566
23,7,IronOre_Spot_CFR_NChina_USD_t_ROC_42d,0.005933299195021391
23,8,IronOre_Spot_CFR_NChina_USD_t_MOM_21d,0.005130578298121691
23,9,IronOre_Spot_CFR_NChina_USD_t_Dist_from_EMA26,0.005018115974962711
23,10,IronOre_Spot_CFR_NChina_USD_t_RSI_14,0.0049915434792637825
24,1,IronOre_Spot_CFR_NChina_USD_t_MOM_62d,0.006421506404876709
24,2,IronOre_Spot_CFR_NChina_USD_t_MOM_42d,0.0063763391226530075
24,3,IronOre_Spot_CFR_NChina_USD_t_MACD_signal,0.006341166328638792
24,4,IronOre_Spot_CFR_NChina_USD_t_Spread_EMA12_EMA26,0.006104614585638046
24,5,IronOre_Spot_CFR_NChina_USD_t_MACD,0.006104614585638046
24,6,IronOre_Spot_CFR_NChina_USD_t_ROC_62d,0.00592726981267333
24,7,IronOre_Spot_CFR_NChina_USD_t_ROC_42d,0.005892135202884674
24,8,IronOre_Spot_CFR_NChina_USD_t_MOM_21d,0.005077535752207041
24,9,IronOre_Spot_CFR_NChina_USD_t_Dist_from_EMA26,0.004967889282852411
24,10,IronOre_Spot_CFR_NChina_USD_t_RSI_14,0.004965770523995161
25,1,IronOre_Spot_CFR_NChina_USD_t_MOM_62d,0.0063670421950519085
25,2,IronOre_Spot_CFR_NChina_USD_t_MOM_42d,0.006323326379060745
25,3,IronOre_Spot_CFR_NChina_USD_t_MACD_signal,0.006285051815211773
25,4,IronOre_Spot_CFR_NChina_USD_t_Spread_EMA12_EMA26,0.00605024304240942
25,5,IronOre_Spot_CFR_NChina_USD_t_MACD,0.00605024304240942
25,6,IronOre_Spot_CFR_NChina_USD_t_ROC_62d,0.005899002309888601
25,7,IronOre_Spot_CFR_NChina_USD_t_ROC_42d,0.00584963196888566
25,8,IronOre_Spot_CFR_NChina_USD_t_MOM_21d,0.0050332630053162575
25,9,IronOre_Spot_CFR_NChina_USD_t_RSI_14,0.004943074192851782
25,10,IronOre_Spot_CFR_NChina_USD_t_Dist_from_EMA26,0.004928862676024437
26,1,IronOre_Spot_CFR_NChina_USD_t_MOM_62d,0.006316835060715675
26,2,IronOre_Spot_CFR_NChina_USD_t_MOM_42d,0.006270470097661018
26,3,IronOre_Spot_CFR_NChina_USD_t_MACD_signal,0.006226425990462303
26,4,IronOre_Spot_CFR_NChina_USD_t_MACD,0.00599827291443944
26,5,IronOre_Spot_CFR_NChina_USD_t_Spread_EMA12_EMA26,0.00599827291443944
26,6,IronOre_Spot_CFR_NChina_USD_t_ROC_62d,0.005875295493751764
26,7,IronOre_Spot_CFR_NChina_USD_t_ROC_42d,0.005805361550301313
26,8,IronOre_Spot_CFR_NChina_USD_t_MOM_21d,0.004994162358343601
26,9,IronOre_Spot_CFR_NChina_USD_t_RSI_14,0.004920687060803175
26,10,IronOre_Spot_CFR_NChina_USD_t_Dist_from_EMA26,0.004900801926851273
27,1,IronOre_Spot_CFR_NChina_USD_t_MOM_62d,0.006279652006924152
27,2,IronOre_Spot_CFR_NChina_USD_t_MOM_42d,0.006220298819243908
27,3,IronOre_Spot_CFR_NChina_USD_t_MACD_signal,0.006168201100081205
27,4,IronOre_Spot_CFR_NChina_USD_t_Spread_EMA12_EMA26,0.005944928154349327
27,5,IronOre_Spot_CFR_NChina_USD_t_MACD,0.005944928154349327
27,6,IronOre_Spot_CFR_NChina_USD_t_ROC_62d,0.005861102603375912
27,7,IronOre_Spot_CFR_NChina_USD_t_ROC_42d,0.005762740503996611
27,8,IronOre_Spot_CFR_NChina_USD_t_MOM_21d,0.00494792964309454
27,9,IronOre_Spot_CFR_NChina_USD_t_RSI_14,0.004888174124062061
27,10,IronOre_Spot_CFR_NChina_USD_t_Dist_from_EMA26,0.004871279001235962
28,1,IronOre_Spot_CFR_NChina_USD_t_MOM_62d,0.006232107523828745
28,2,IronOre_Spot_CFR_NChina_USD_t_MOM_42d,0.006161477416753769
28,3,IronOre_Spot_CFR_NChina_USD_t_MACD_signal,0.006100528407841921
28,4,IronOre_Spot_CFR_NChina_USD_t_Spread_EMA12_EMA26,0.005891686305403709
28,5,IronOre_Spot_CFR_NChina_USD_t_MACD,0.005891686305403709
28,6,IronOre_Spot_CFR_NChina_USD_t_ROC_62d,0.005828352179378271
28,7,IronOre_Spot_CFR_NChina_USD_t_ROC_42d,0.0057059358805418015
28,8,IronOre_Spot_CFR_NChina_USD_t_MOM_21d,0.004912861622869968
28,9,IronOre_Spot_CFR_NChina_USD_t_Dist_from_EMA26,0.004853250924497843
28,10,IronOre_Spot_CFR_NChina_USD_t_RSI_14,0.0048256078734993935
29,1,IronOre_Spot_CFR_NChina_USD_t_MOM_62d,0.006178655195981264
29,2,IronOre_Spot_CFR_NChina_USD_t_MOM_42d,0.006096618715673685
29,3,IronOre_Spot_CFR_NChina_USD_t_MACD_signal,0.006027026567608118
29,4,IronOre_Spot_CFR_NChina_USD_t_Spread_EMA12_EMA26,0.005835943855345249
29,5,IronOre_Spot_CFR_NChina_USD_t_MACD,0.005835943855345249
29,6,IronOre_Spot_CFR_NChina_USD_t_ROC_62d,0.005784391425549984
29,7,IronOre_Spot_CFR_NChina_USD_t_ROC_42d,0.0056387982331216335
29,8,IronOre_Spot_CFR_NChina_USD_t_MOM_21d,0.00487951235845685
29,9,IronOre_Spot_CFR_NChina_USD_t_Dist_from_EMA26,0.004834914579987526
29,10,Brazil_IronOre_Exports_Mt_CLRK,0.004784978460520506
30,1,IronOre_Spot_CFR_NChina_USD_t_MOM_62d,0.006123865954577923
30,2,IronOre_Spot_CFR_NChina_USD_t_MOM_42d,0.006032874807715416
30,3,IronOre_Spot_CFR_NChina_USD_t_MACD_signal,0.005954984109848738
30,4,IronOre_Spot_CFR_NChina_USD_t_Spread_EMA12_EMA26,0.005778082646429539
30,5,IronOre_Spot_CFR_NChina_USD_t_MACD,0.005778082646429539
30,6,IronOre_Spot_CFR_NChina_USD_t_ROC_62d,0.005740457680076361
30,7,IronOre_Spot_CFR_NChina_USD_t_ROC_42d,0.005575080402195454
30,8,IronOre_Spot_CFR_NChina_USD_t_MOM_21d,0.004841093439608812
30,9,IronOre_Spot_CFR_NChina_USD_t_Dist_from_EMA26,0.004809561651200056
30,10,Brazil_IronOre_Exports_Mt_CLRK,0.004808180034160614
31,1,IronOre_Spot_CFR_NChina_USD_t_MOM_62d,0.006068729795515537
31,2,IronOre_Spot_CFR_NChina_USD_t_MOM_42d,0.005972833838313818
31,3,IronOre_Spot_CFR_NChina_USD_t_MACD_signal,0.00588567741215229
31,4,IronOre_Spot_CFR_NChina_USD_t_Spread_EMA12_EMA26,0.005722355097532272
31,5,IronOre_Spot_CFR_NChina_USD_t_MACD,0.005722355097532272
31,6,IronOre_Spot_CFR_NChina_USD_t_ROC_62d,0.005696422420442104
31,7,IronOre_Spot_CFR_NChina_USD_t_ROC_42d,0.005515590775758028
31,8,Brazil_IronOre_Exports_Mt_CLRK,0.004835759289562702
31,9,IronOre_Spot_CFR_NChina_USD_t_MOM_21d,0.004804499913007021
31,10,IronOre_Spot_CFR_NChina_USD_t_Dist_from_EMA26,0.004786004777997732
32,1,IronOre_Spot_CFR_NChina_USD_t_MOM_62d,0.006019587628543377
32,2,IronOre_Spot_CFR_NChina_USD_t_MOM_42d,0.005920034367591143
32,3,IronOre_Spot_CFR_NChina_USD_t_MACD_signal,0.005824939347803593
32,4,IronOre_Spot_CFR_NChina_USD_t_Spread_EMA12_EMA26,0.005675216671079397
32,5,IronOre_Spot_CFR_NChina_USD_t_MACD,0.005675216671079397
32,6,IronOre_Spot_CFR_NChina_USD_t_ROC_62d,0.005656755529344082
32,7,IronOre_Spot_CFR_NChina_USD_t_ROC_42d,0.005460100714117289
32,8,Brazil_IronOre_Exports_Mt_CLRK,0.004868758376687765
32,9,IronOre_Spot_CFR_NChina_USD_t_MOM_21d,0.004775568842887878
32,10,IronOre_Spot_CFR_NChina_USD_t_Dist_from_EMA26,0.004766758996993303
33,1,IronOre_Spot_CFR_NChina_USD_t_MOM_62d,0.005975301843136549
33,2,IronOre_Spot_CFR_NChina_USD_t_MOM_42d,0.005875062197446823
33,3,IronOre_Spot_CFR_NChina_USD_t_MACD_signal,0.005772956646978855
33,4,IronOre_Spot_CFR_NChina_USD_t_MACD,0.005639782641083002
33,5,IronOre_Spot_CFR_NChina_USD_t_Spread_EMA12_EMA26,0.005639782641083002
33,6,IronOre_Spot_CFR_NChina_USD_t_ROC_62d,0.005620662588626146
33,7,IronOre_Spot_CFR_NChina_USD_t_ROC_42d,0.005409030709415674
33,8,Brazil_IronOre_Exports_Mt_CLRK,0.004901816602796316
33,9,IronOre_Spot_CFR_NChina_USD_t_MOM_21d,0.004759998992085457
33,10,IronOre_Spot_CFR_NChina_USD_t_Dist_from_EMA26,0.004758602473884821
34,1,IronOre_Spot_CFR_NChina_USD_t_MOM_62d,0.005932028871029615
34,2,IronOre_Spot_CFR_NChina_USD_t_MOM_42d,0.005831076763570309
34,3,IronOre_Spot_CFR_NChina_USD_t_MACD_signal,0.005720134358853102
34,4,IronOre_Spot_CFR_NChina_USD_t_Spread_EMA12_EMA26,0.005607934668660164
34,5,IronOre_Spot_CFR_NChina_USD_t_MACD,0.005607934668660164
34,6,IronOre_Spot_CFR_NChina_USD_t_ROC_62d,0.005585556384176016
34,7,IronOre_Spot_CFR_NChina_USD_t_ROC_42d,0.005358162336051464
34,8,Brazil_IronOre_Exports_Mt_CLRK,0.0049287304282188416
34,9,IronOre_Spot_CFR_NChina_USD_t_Dist_from_EMA26,0.004761113319545984
34,10,IronOre_Spot_CFR_NChina_USD_t_MOM_21d,0.004751112312078476
35,1,IronOre_Spot_CFR_NChina_USD_t_MOM_62d,0.005887448787689209
35,2,IronOre_Spot_CFR_NChina_USD_t_MOM_42d,0.00578521890565753
35,3,IronOre_Spot_CFR_NChina_USD_t_MACD_signal,0.005665494594722986
35,4,IronOre_Spot_CFR_NChina_USD_t_MACD,0.005575033836066723
35,5,IronOre_Spot_CFR_NChina_USD_t_Spread_EMA12_EMA26,0.005575033836066723
35,6,IronOre_Spot_CFR_NChina_USD_t_ROC_62d,0.005547973792999983
35,7,IronOre_Spot_CFR_NChina_USD_t_ROC_42d,0.005305790808051825
35,8,Brazil_IronOre_Exports_Mt_CLRK,0.004940402694046497
35,9,IronOre_Spot_CFR_NChina_USD_t_Dist_from_EMA26,0.004765718709677458
35,10,IronOre_Spot_CFR_NChina_USD_t_MOM_21d,0.004742400720715523
36,1,IronOre_Spot_CFR_NChina_USD_t_MOM_62d,0.0058420756831765175
36,2,IronOre_Spot_CFR_NChina_USD_t_MOM_42d,0.005738398525863886
36,3,IronOre_Spot_CFR_NChina_USD_t_MACD_signal,0.005613081622868776
36,4,IronOre_Spot_CFR_NChina_USD_t_MACD,0.005538891535252333
36,5,IronOre_Spot_CFR_NChina_USD_t_Spread_EMA12_EMA26,0.005538891535252333
36,6,IronOre_Spot_CFR_NChina_USD_t_ROC_62d,0.00550818769261241
36,7,IronOre_Spot_CFR_NChina_USD_t_ROC_42d,0.005256996024399996
36,8,Brazil_IronOre_Exports_Mt_CLRK,0.0049379561096429825
36,9,IronOre_Spot_CFR_NChina_USD_t_Dist_from_EMA26,0.004762005992233753
36,10,IronOre_Spot_CFR_NChina_USD_t_MOM_21d,0.004726778715848923
37,1,IronOre_Spot_CFR_NChina_USD_t_MOM_62d,0.005796859972178936
37,2,IronOre_Spot_CFR_NChina_USD_t_MOM_42d,0.005694188643246889
37,3,IronOre_Spot_CFR_NChina_USD_t_MACD_signal,0.005563606042414904
37,4,IronOre_Spot_CFR_NChina_USD_t_Spread_EMA12_EMA26,0.005507674999535084
37,5,IronOre_Spot_CFR_NChina_USD_t_MACD,0.005507674999535084
37,6,IronOre_Spot_CFR_NChina_USD_t_ROC_62d,0.005468830931931734
37,7,IronOre_Spot_CFR_NChina_USD_t_ROC_42d,0.005212061572819948
37,8,Brazil_IronOre_Exports_Mt_CLRK,0.004927478265017271
37,9,IronOre_Spot_CFR_NChina_USD_t_Dist_from_EMA26,0.004766414873301983
37,10,IronOre_Spot_CFR_NChina_USD_t_MOM_21d,0.004718410782516003
38,1,IronOre_Spot_CFR_NChina_USD_t_MOM_62d,0.0057553453370928764
38,2,IronOre_Spot_CFR_NChina_USD_t_MOM_42d,0.005653698928654194
38,3,IronOre_Spot_CFR_NChina_USD_t_MACD_signal,0.0055190036073327065
38,4,IronOre_Spot_CFR_NChina_USD_t_Spread_EMA12_EMA26,0.005479149520397186
38,5,IronOre_Spot_CFR_NChina_USD_t_MACD,0.005479149520397186
38,6,IronOre_Spot_CFR_NChina_USD_t_ROC_62d,0.00543180201202631
38,7,IronOre_Spot_CFR_NChina_USD_t_ROC_42d,0.005170002579689026
38,8,Brazil_IronOre_Exports_Mt_CLRK,0.004903762601315975
38,9,IronOre_Spot_CFR_NChina_USD_t_Dist_from_EMA26,0.004768029320985079
38,10,IronOre_Spot_CFR_NChina_USD_t_MOM_21d,0.004709956236183643
39,1,IronOre_Spot_CFR_NChina_USD_t_MOM_62d,0.005728725343942642
39,2,IronOre_Spot_CFR_NChina_USD_t_MOM_42d,0.005632791668176651
39,3,IronOre_Spot_CFR_NChina_USD_t_MACD_signal,0.005497769918292761
39,4,IronOre_Spot_CFR_NChina_USD_t_MACD,0.0054720318876206875
39,5,IronOre_Spot_CFR_NChina_USD_t_Spread_EMA12_EMA26,0.0054720318876206875
39,6,IronOre_Spot_CFR_NChina_USD_t_ROC_62d,0.0054099708795547485
39,7,IronOre_Spot_CFR_NChina_USD_t_ROC_42d,0.005153807811439037
39,8,Brazil_IronOre_Exports_Mt_CLRK,0.004856208339333534
39,9,IronOre_Spot_CFR_NChina_USD_t_Dist_from_EMA26,0.004789927043020725
39,10,IronOre_Spot_CFR_NChina_USD_t_MOM_21d,0.004720713011920452
40,1,IronOre_Spot_CFR_NChina_USD_t_MOM_62d,0.005708016455173492
40,2,IronOre_Spot_CFR_NChina_USD_t_MOM_42d,0.005622490309178829
40,3,IronOre_Spot_CFR_NChina_USD_t_MACD_signal,0.005490834824740887
40,4,IronOre_Spot_CFR_NChina_USD_t_Spread_EMA12_EMA26,0.0054716384038329124
40,5,IronOre_Spot_CFR_NChina_USD_t_MACD,0.0054716384038329124
40,6,IronOre_Spot_CFR_NChina_USD_t_ROC_62d,0.005387771874666214
40,7,IronOre_Spot_CFR_NChina_USD_t_ROC_42d,0.005149139557033777
40,8,IronOre_Spot_CFR_NChina_USD_t_Dist_from_EMA26,0.0048055038787424564
40,9,Brazil_IronOre_Exports_Mt_CLRK,0.004800272639840841
40,10,IronOre_Spot_CFR_NChina_USD_t_MOM_21d,0.004730924032628536
41,1,IronOre_Spot_CFR_NChina_USD_t_MOM_62d,0.005693483632057905
41,2,IronOre_Spot_CFR_NChina_USD_t_MOM_42d,0.0056166513822972775
41,3,IronOre_Spot_CFR_NChina_USD_t_MACD_signal,0.005488532595336437
41,4,IronOre_Spot_CFR_NChina_USD_t_MACD,0.005473393481224775
41,5,IronOre_Spot_CFR_NChina_USD_t_Spread_EMA12_EMA26,0.005473393481224775
41,6,IronOre_Spot_CFR_NChina_USD_t_ROC_62d,0.005373543128371239
41,7,IronOre_Spot_CFR_NChina_USD_t_ROC_42d,0.005149179138243198
41,8,IronOre_Spot_CFR_NChina_USD_t_Dist_from_EMA26,0.004818383604288101
41,9,Brazil_IronOre_Exports_Mt_CLRK,0.00475040590390563
41,10,IronOre_Spot_CFR_NChina_USD_t_MOM_21d,0.004740092437714338
42,1,IronOre_Spot_CFR_NChina_USD_t_MOM_62d,0.005675057414919138
42,2,IronOre_Spot_CFR_NChina_USD_t_MOM_42d,0.005612196400761604
42,3,IronOre_Spot_CFR_NChina_USD_t_MACD_signal,0.005484347231686115
42,4,IronOre_Spot_CFR_NChina_USD_t_Spread_EMA12_EMA26,0.0054740323685109615
42,5,IronOre_Spot_CFR_NChina_USD_t_MACD,0.0054740323685109615
42,6,IronOre_Spot_CFR_NChina_USD_t_ROC_62d,0.005360716488212347
42,7,IronOre_Spot_CFR_NChina_USD_t_ROC_42d,0.005153771489858627
42,8,IronOre_Spot_CFR_NChina_USD_t_Dist_from_EMA26,0.004833299666643143
42,9,IronOre_Spot_CFR_NChina_USD_t_MOM_21d,0.004749539773911238
42,10,Brazil_IronOre_Exports_Mt_CLRK,0.004713966511189938
43,1,IronOre_Spot_CFR_NChina_USD_t_MOM_62d,0.00565587030723691
43,2,IronOre_Spot_CFR_NChina_USD_t_MOM_42d,0.005606485065072775
43,3,IronOre_Spot_CFR_NChina_USD_t_MACD_signal,0.005476904101669788
43,4,IronOre_Spot_CFR_NChina_USD_t_MACD,0.005473420023918152
43,5,IronOre_Spot_CFR_NChina_USD_t_Spread_EMA12_EMA26,0.005473420023918152
43,6,IronOre_Spot_CFR_NChina_USD_t_ROC_62d,0.0053464798256754875
43,7,IronOre_Spot_CFR_NChina_USD_t_ROC_42d,0.005156487692147493
43,8,IronOre_Spot_CFR_NChina_USD_t_Dist_from_EMA26,0.004850540775805712
43,9,IronOre_Spot_CFR_NChina_USD_t_MOM_21d,0.004759069997817278
43,10,Brazil_IronOre_Exports_Mt_CLRK,0.004677799995988607
44,1,IronOre_Spot_CFR_NChina_USD_t_MOM_62d,0.005636933725327253
44,2,IronOre_Spot_CFR_NChina_USD_t_MOM_42d,0.005601349286735058
44,3,IronOre_Spot_CFR_NChina_USD_t_Spread_EMA12_EMA26,0.005474478006362915
44,4,IronOre_Spot_CFR_NChina_USD_t_MACD,0.005474478006362915
44,5,IronOre_Spot_CFR_NChina_USD_t_MACD_signal,0.005469021387398243
44,6,IronOre_Spot_CFR_NChina_USD_t_ROC_62d,0.005333520472049713
44,7,IronOre_Spot_CFR_NChina_USD_t_ROC_42d,0.005160114262253046
44,8,IronOre_Spot_CFR_NChina_USD_t_Dist_from_EMA26,0.004872848279774189
44,9,IronOre_Spot_CFR_NChina_USD_t_MOM_21d,0.004771963693201542
44,10,Brazil_IronOre_Exports_Mt_CLRK,0.0046417065896093845
45,1,IronOre_Spot_CFR_NChina_USD_t_MOM_62d,0.005621892400085926
45,2,IronOre_Spot_CFR_NChina_USD_t_MOM_42d,0.00559893948957324
45,3,IronOre_Spot_CFR_NChina_USD_t_MACD,0.005476027261465788
45,4,IronOre_Spot_CFR_NChina_USD_t_Spread_EMA12_EMA26,0.005476027261465788
45,5,IronOre_Spot_CFR_NChina_USD_t_MACD_signal,0.005463628098368645
45,6,IronOre_Spot_CFR_NChina_USD_t_ROC_62d,0.005324948579072952
45,7,IronOre_Spot_CFR_NChina_USD_t_ROC_42d,0.00516741955652833
45,8,IronOre_Spot_CFR_NChina_USD_t_Dist_from_EMA26,0.004892898723483086
45,9,IronOre_Spot_CFR_NChina_USD_t_MOM_21d,0.004783139564096928
45,10,C5_FFA_C5_1MON_PctFrom52wHigh,0.0046479529701173306
46,1,IronOre_Spot_CFR_NChina_USD_t_MOM_62d,0.0056449659168720245
46,2,IronOre_Spot_CFR_NChina_USD_t_MOM_42d,0.005628814455121756
46,3,IronOre_Spot_CFR_NChina_USD_t_Spread_EMA12_EMA26,0.005500745959579945
46,4,IronOre_Spot_CFR_NChina_USD_t_MACD,0.005500745959579945
46,5,IronOre_Spot_CFR_NChina_USD_t_MACD_signal,0.005489032715559006
46,6,IronOre_Spot_CFR_NChina_USD_t_ROC_62d,0.005359072703868151
46,7,IronOre_Spot_CFR_NChina_USD_t_ROC_42d,0.005213453900068998
46,8,IronOre_Spot_CFR_NChina_USD_t_Dist_from_EMA26,0.004927300848066807
46,9,IronOre_Spot_CFR_NChina_USD_t_MOM_21d,0.0048051862977445126
46,10,C5_FFA_C5_1MON_PctFrom52wHigh,0.004692905116826296
47,1,IronOre_Spot_CFR_NChina_USD_t_MOM_62d,0.0056680841371417046
47,2,IronOre_Spot_CFR_NChina_USD_t_MOM_42d,0.0056590731255710125
47,3,IronOre_Spot_CFR_NChina_USD_t_Spread_EMA12_EMA26,0.005526684690266848
47,4,IronOre_Spot_CFR_NChina_USD_t_MACD,0.005526684690266848
47,5,IronOre_Spot_CFR_NChina_USD_t_MACD_signal,0.00551485875621438
47,6,IronOre_Spot_CFR_NChina_USD_t_ROC_62d,0.005394203122705221
47,7,IronOre_Spot_CFR_NChina_USD_t_ROC_42d,0.005260801874101162
47,8,IronOre_Spot_CFR_NChina_USD_t_Dist_from_EMA26,0.004965003579854965
47,9,IronOre_Spot_CFR_NChina_USD_t_MOM_21d,0.0048297010362148285
47,10,C5_FFA_C5_1MON_PctFrom52wHigh,0.0047470033168792725
48,1,IronOre_Spot_CFR_NChina_USD_t_MOM_62d,0.0056800502352416515
48,2,IronOre_Spot_CFR_NChina_USD_t_MOM_42d,0.00567649258300662
48,3,IronOre_Spot_CFR_NChina_USD_t_MACD,0.005543923005461693
48,4,IronOre_Spot_CFR_NChina_USD_t_Spread_EMA12_EMA26,0.005543923005461693
48,5,IronOre_Spot_CFR_NChina_USD_t_MACD_signal,0.0055282204411923885
48,6,IronOre_Spot_CFR_NChina_USD_t_ROC_62d,0.005422553047537804
48,7,IronOre_Spot_CFR_NChina_USD_t_ROC_42d,0.005298914387822151
48,8,IronOre_Spot_CFR_NChina_USD_t_Dist_from_EMA26,0.005003808066248894
48,9,IronOre_Spot_CFR_NChina_USD_t_MOM_21d,0.004850849509239197
48,10,C5_FFA_C5_1MON_PctFrom52wHigh,0.004804609809070826
49,1,IronOre_Spot_CFR_NChina_USD_t_MOM_62d,0.005684506613761187
49,2,IronOre_Spot_CFR_NChina_USD_t_MOM_42d,0.005682601127773523
49,3,IronOre_Spot_CFR_NChina_USD_t_Spread_EMA12_EMA26,0.00554799847304821
49,4,IronOre_Spot_CFR_NChina_USD_t_MACD,0.00554799847304821
49,5,IronOre_Spot_CFR_NChina_USD_t_MACD_signal,0.005530969239771366
49,6,IronOre_Spot_CFR_NChina_USD_t_ROC_62d,0.005442390218377113
49,7,IronOre_Spot_CFR_NChina_USD_t_ROC_42d,0.0053244177252054214
49,8,IronOre_Spot_CFR_NChina_USD_t_Dist_from_EMA26,0.005026504397392273
49,9,C5_FFA_C5_1MON_PctFrom52wHigh,0.004865527618676424
49,10,IronOre_Spot_CFR_NChina_USD_t_MOM_21d,0.004857558291405439
50,1,IronOre_Spot_CFR_NChina_USD_t_MOM_62d,0.005689944606274366
50,2,IronOre_Spot_CFR_NChina_USD_t_MOM_42d,0.005689131561666727
50,3,IronOre_Spot_CFR_NChina_USD_t_Spread_EMA12_EMA26,0.005552220623940229
50,4,IronOre_Spot_CFR_NChina_USD_t_MACD,0.005552220623940229
50,5,IronOre_Spot_CFR_NChina_USD_t_MACD_signal,0.005535445641726255
50,6,IronOre_Spot_CFR_NChina_USD_t_ROC_62d,0.005462489556521177
50,7,IronOre_Spot_CFR_NChina_USD_t_ROC_42d,0.005349392537027597
50,8,IronOre_Spot_CFR_NChina_USD_t_Dist_from_EMA26,0.005045761354267597
50,9,C5_FFA_C5_1MON_PctFrom52wHigh,0.004932872951030731
50,10,IronOre_Spot_CFR_NChina_USD_t_MOM_21d,0.0048630982637405396
51,1,IronOre_Spot_CFR_NChina_USD_t_MOM_42d,0.005696174222975969
51,2,IronOre_Spot_CFR_NChina_USD_t_MOM_62d,0.005692873615771532
51,3,IronOre_Spot_CFR_NChina_USD_t_Spread_EMA12_EMA26,0.005554263945668936
51,4,IronOre_Spot_CFR_NChina_USD_t_MACD,0.005554263945668936
51,5,IronOre_Spot_CFR_NChina_USD_t_MACD_signal,0.005540173966437578
51,6,IronOre_Spot_CFR_NChina_USD_t_ROC_62d,0.005480986554175615
51,7,IronOre_Spot_CFR_NChina_USD_t_ROC_42d,0.005375525914132595
51,8,IronOre_Spot_CFR_NChina_USD_t_Dist_from_EMA26,0.0050589656457304955
51,9,C5_FFA_C5_1MON_PctFrom52wHigh,0.005002420395612717
51,10,IronOre_Spot_CFR_NChina_USD_t_MOM_21d,0.004864663816988468
52,1,IronOre_Spot_CFR_NChina_USD_t_MOM_42d,0.005707174073904753
52,2,IronOre_Spot_CFR_NChina_USD_t_MOM_62d,0.005700265523046255
52,3,IronOre_Spot_CFR_NChina_USD_t_Spread_EMA12_EMA26,0.005561811849474907
52,4,IronOre_Spot_CFR_NChina_USD_t_MACD,0.005561811849474907
52,5,IronOre_Spot_CFR_NChina_USD_t_MACD_signal,0.005549448076635599
52,6,IronOre_Spot_CFR_NChina_USD_t_ROC_62d,0.005504585802555084
52,7,IronOre_Spot_CFR_NChina_USD_t_ROC_42d,0.005405975505709648
52,8,IronOre_Spot_CFR_NChina_USD_t_Dist_from_EMA26,0.005079226568341255
52,9,C5_FFA_C5_1MON_PctFrom52wHigh,0.005060374271124601
52,10,IronOre_Spot_CFR_NChina_USD_t_MOM_21d,0.004872376564890146
53,1,IronOre_Spot_CFR_NChina_USD_t_MOM_42d,0.005718764383345842
53,2,IronOre_Spot_CFR_NChina_USD_t_MOM_62d,0.005710922181606293
53,3,IronOre_Spot_CFR_NChina_USD_t_Spread_EMA12_EMA26,0.005569099448621273
53,4,IronOre_Spot_CFR_NChina_USD_t_MACD,0.005569099448621273
53,5,IronOre_Spot_CFR_NChina_USD_t_MACD_signal,0.005560414865612984
53,6,IronOre_Spot_CFR_NChina_USD_t_ROC_62d,0.0055278148502111435
53,7,IronOre_Spot_CFR_NChina_USD_t_ROC_42d,0.005433481186628342
53,8,C5_FFA_C5_1MON_PctFrom52wHigh,0.005108834709972143
53,9,IronOre_Spot_CFR_NChina_USD_t_Dist_from_EMA26,0.005094106309115887
53,10,IronOre_Spot_CFR_NChina_USD_t_MOM_21d,0.0048768846318125725
54,1,IronOre_Spot_CFR_NChina_USD_t_MOM_42d,0.005725508090108633
54,2,IronOre_Spot_CFR_NChina_USD_t_MOM_62d,0.00571720115840435
54,3,IronOre_Spot_CFR_NChina_USD_t_MACD,0.00557264918461442
54,4,IronOre_Spot_CFR_NChina_USD_t_Spread_EMA12_EMA26,0.00557264918461442
54,5,IronOre_Spot_CFR_NChina_USD_t_MACD_signal,0.005568179301917553
54,6,IronOre_Spot_CFR_NChina_USD_t_ROC_62d,0.005545998923480511
54,7,IronOre_Spot_CFR_NChina_USD_t_ROC_42d,0.005455078091472387
54,8,C5_FFA_C5_1MON_PctFrom52wHigh,0.005154636222869158
54,9,IronOre_Spot_CFR_NChina_USD_t_Dist_from_EMA26,0.005103223957121372
54,10,IronOre_Spot_CFR_NChina_USD_t_MOM_21d,0.0048777698539197445
55,1,IronOre_Spot_CFR_NChina_USD_t_MOM_42d,0.005737237632274628
55,2,IronOre_Spot_CFR_NChina_USD_t_MOM_62d,0.005726232659071684
55,3,IronOre_Spot_CFR_NChina_USD_t_MACD_signal,0.0055810618214309216
55,4,IronOre_Spot_CFR_NChina_USD_t_MACD,0.005580429919064045
55,5,IronOre_Spot_CFR_NChina_USD_t_Spread_EMA12_EMA26,0.005580429919064045
55,6,IronOre_Spot_CFR_NChina_USD_t_ROC_62d,0.005563799291849136
55,7,IronOre_Spot_CFR_NChina_USD_t_ROC_42d,0.0054779378697276115
55,8,C5_FFA_C5_1MON_PctFrom52wHigh,0.005188344046473503
55,9,IronOre_Spot_CFR_NChina_USD_t_Dist_from_EMA26,0.005110953003168106
55,10,IronOre_Spot_CFR_NChina_USD_t_MOM_21d,0.004881246946752071
56,1,IronOre_Spot_CFR_NChina_USD_t_MOM_42d,0.005760079249739647
56,2,IronOre_Spot_CFR_NChina_USD_t_MOM_62d,0.00574580579996109
56,3,IronOre_Spot_CFR_NChina_USD_t_MACD_signal,0.005606472957879305
56,4,IronOre_Spot_CFR_NChina_USD_t_Spread_EMA12_EMA26,0.0056025926023721695
56,5,IronOre_Spot_CFR_NChina_USD_t_MACD,0.0056025926023721695
56,6,IronOre_Spot_CFR_NChina_USD_t_ROC_62d,0.00558105343952775
56,7,IronOre_Spot_CFR_NChina_USD_t_ROC_42d,0.005504535511136055
56,8,C5_FFA_C5_1MON_PctFrom52wHigh,0.0052163684740662575
56,9,IronOre_Spot_CFR_NChina_USD_t_Dist_from_EMA26,0.005129276774823666
56,10,IronOre_Spot_CFR_NChina_USD_t_MOM_21d,0.004898825194686651
57,1,IronOre_Spot_CFR_NChina_USD_t_MOM_42d,0.00577071588486433
57,2,IronOre_Spot_CFR_NChina_USD_t_MOM_62d,0.005758697632700205
57,3,IronOre_Spot_CFR_NChina_USD_t_MACD_signal,0.00562021229416132
57,4,IronOre_Spot_CFR_NChina_USD_t_Spread_EMA12_EMA26,0.005609204992651939
57,5,IronOre_Spot_CFR_NChina_USD_t_MACD,0.005609204992651939
57,6,IronOre_Spot_CFR_NChina_USD_t_ROC_62d,0.005589484237134457
57,7,IronOre_Spot_CFR_NChina_USD_t_ROC_42d,0.005518291145563126
57,8,C5_FFA_C5_1MON_PctFrom52wHigh,0.005242690909653902
57,9,IronOre_Spot_CFR_NChina_USD_t_Dist_from_EMA26,0.005128568038344383
57,10,IronOre_Spot_CFR_NChina_USD_t_MOM_21d,0.0048974682576954365
58,1,IronOre_Spot_CFR_NChina_USD_t_MOM_42d,0.005755910649895668
58,2,IronOre_Spot_CFR_NChina_USD_t_MOM_62d,0.0057502924464643
58,3,IronOre_Spot_CFR_NChina_USD_t_MACD_signal,0.005606719292700291
58,4,IronOre_Spot_CFR_NChina_USD_t_Spread_EMA12_EMA26,0.005592552479356527
58,5,IronOre_Spot_CFR_NChina_USD_t_MACD,0.005592552479356527
58,6,IronOre_Spot_CFR_NChina_USD_t_ROC_62d,0.0055742706172168255
58,7,IronOre_Spot_CFR_NChina_USD_t_ROC_42d,0.005505504086613655
58,8,C5_FFA_C5_1MON_PctFrom52wHigh,0.005274707451462746
58,9,IronOre_Spot_CFR_NChina_USD_t_Dist_from_EMA26,0.005116771906614304
58,10,IronOre_Spot_CFR_NChina_USD_t_MOM_21d,0.004879802465438843
59,1,IronOre_Spot_CFR_NChina_USD_t_MOM_42d,0.005747645162045956
59,2,IronOre_Spot_CFR_NChina_USD_t_MOM_62d,0.005747165065258741
59,3,IronOre_Spot_CFR_NChina_USD_t_MACD_signal,0.005598995368927717
59,4,IronOre_Spot_CFR_NChina_USD_t_Spread_EMA12_EMA26,0.00558248907327652
59,5,IronOre_Spot_CFR_NChina_USD_t_MACD,0.00558248907327652
59,6,IronOre_Spot_CFR_NChina_USD_t_ROC_62d,0.005566817708313465
59,7,IronOre_Spot_CFR_NChina_USD_t_ROC_42d,0.005500569473952055
59,8,C5_FFA_C5_1MON_PctFrom52wHigh,0.005301646422594786
59,9,IronOre_Spot_CFR_NChina_USD_t_Dist_from_EMA26,0.005112155340611935
59,10,IronOre_Spot_CFR_NChina_USD_t_MOM_21d,0.004868656396865845
60,1,IronOre_Spot_CFR_NChina_USD_t_MOM_62d,0.005746378097683191
60,2,IronOre_Spot_CFR_NChina_USD_t_MOM_42d,0.0057425242848694324
60,3,IronOre_Spot_CFR_NChina_USD_t_MACD_signal,0.005594922229647636
60,4,IronOre_Spot_CFR_NChina_USD_t_Spread_EMA12_EMA26,0.005576169118285179
60,5,IronOre_Spot_CFR_NChina_USD_t_MACD,0.005576169118285179
60,6,IronOre_Spot_CFR_NChina_USD_t_ROC_62d,0.005563902202993631
60,7,IronOre_Spot_CFR_NChina_USD_t_ROC_42d,0.005499800201505423
60,8,C5_FFA_C5_1MON_PctFrom52wHigh,0.005324515048414469
60,9,IronOre_Spot_CFR_NChina_USD_t_Dist_from_EMA26,0.005110638216137886
60,10,EMA_5,0.00489652156829834
61,1,IronOre_Spot_CFR_NChina_USD_t_MOM_62d,0.00574557576328516
61,2,IronOre_Spot_CFR_NChina_USD_t_MOM_42d,0.005737303756177425
61,3,IronOre_Spot_CFR_NChina_USD_t_MACD_signal,0.005591654218733311
61,4,IronOre_Spot_CFR_NChina_USD_t_Spread_EMA12_EMA26,0.005568354390561581
61,5,IronOre_Spot_CFR_NChina_USD_t_MACD,0.005568354390561581
61,6,IronOre_Spot_CFR_NChina_USD_t_ROC_62d,0.0055611347779631615
61,7,IronOre_Spot_CFR_NChina_USD_t_ROC_42d,0.005497886333614588
61,8,C5_FFA_C5_1MON_PctFrom52wHigh,0.005339166149497032
61,9,IronOre_Spot_CFR_NChina_USD_t_Dist_from_EMA26,0.005103177856653929
61,10,EMA_5,0.0049352641217410564
62,1,IronOre_Spot_CFR_NChina_USD_t_MOM_62d,0.005727772135287523
62,2,IronOre_Spot_CFR_NChina_USD_t_MOM_42d,0.0057175979018211365
62,3,IronOre_Spot_CFR_NChina_USD_t_MACD_signal,0.0055743432603776455
62,4,IronOre_Spot_CFR_NChina_USD_t_Spread_EMA12_EMA26,0.005545994266867638
62,5,IronOre_Spot_CFR_NChina_USD_t_MACD,0.005545994266867638
62,6,IronOre_Spot_CFR_NChina_USD_t_ROC_62d,0.005543311592191458
62,7,IronOre_Spot_CFR_NChina_USD_t_ROC_42d,0.005481142550706863
62,8,C5_FFA_C5_1MON_PctFrom52wHigh,0.005346435587853193
62,9,IronOre_Spot_CFR_NChina_USD_t_Dist_from_EMA26,0.005080673843622208
62,10,EMA_5,0.004966481123119593
